Workbook

Sheet Demand
A1: Order ID | B1: Product | C1: QTY | D1: Order Confirmed Date | E1: Expected Delivery Date | G1: A | H1: 407.17275
A2: 1 | B2: N1 | C2: 19 | D2: 45666 | E2: =D2+6*7 -> 45708 | F2: =E2-D2 -> 42 | G2: P | H2: 409.15
A3: 2 | B3: N1 | C3: 19 | D3: 45666 | E3: =D3+6*7 -> 45708 | F3: =E3-D3 -> 42 | G3: H | H3: 402.0172
A4: 3 | B4: N1 | C4: 19 | D4: 45666 | E4: =D4+6*7 -> 45708 | F4: =E4-D4 -> 42 | G4: F | H4: 394.9792
A5: 4 | B5: N1 | C5: 19 | D5: 45666 | E5: =D5+6*7 -> 45708 | F5: =E5-D5 -> 42 | G5: C | H5: 411.1068
A6: 5 | B6: N1 | C6: 19 | D6: 45666 | E6: =D6+6*7 -> 45708 | F6: =E6-D6 -> 42 | G6: E | H6: 333.66412
A7: 6 | B7: N1 | C7: 19 | D7: 45666 | E7: =D7+6*7 -> 45708 | F7: =E7-D7 -> 42 | G7: N | H7: 334.18
A8: 7 | B8: E1 | C8: 18 | D8: 45671 | E8: =D8+6*7 -> 45713 | F8: =E8-D8 -> 42 | G8: M | H8: 334.18
A9: 8 | B9: E1 | C9: 18 | D9: 45671 | E9: =D9+6*7 -> 45713 | F9: =E9-D9 -> 42 | G9: V | H9: 334.18
A10: 9 | B10: E1 | C10: 18 | D10: 45671 | E10: =D10+6*7 -> 45713 | F10: =E10-D10 -> 42
A11: 10 | B11: E2 | C11: 19 | D11: 45669 | E11: =D11+6*7 -> 45711 | F11: =E11-D11 -> 42
A12: 11 | B12: E2 | C12: 19 | D12: 45669 | E12: =D12+6*7 -> 45711 | F12: =E12-D12 -> 42
A13: 12 | B13: E2 | C13: 19 | D13: 45669 | E13: =D13+6*7 -> 45711 | F13: =E13-D13 -> 42
A14: 13 | B14: A1 | C14: 37 | D14: 45670 | E14: =D14+6*7 -> 45712 | F14: =E14-D14 -> 42
A15: 14 | B15: A1 | C15: 111 | D15: 45670 | E15: =D15+6*7 -> 45712 | F15: =E15-D15 -> 42
A16: 15 | B16: A2 | C16: 38 | D16: 45679 | E16: =D16+6*7 -> 45721 | F16: =E16-D16 -> 42
A17: 16 | B17: P1 | C17: 108 | D17: 45674 | E17: =D17+6*7 -> 45716 | F17: =E17-D17 -> 42
A18: 17 | B18: P1 | C18: 108 | D18: 45674 | E18: =D18+6*7 -> 45716 | F18: =E18-D18 -> 42
A19: 18 | B19: P1 | C19: 108 | D19: 45674 | E19: =D19+6*7 -> 45716 | F19: =E19-D19 -> 42
A20: 19 | B20: A3 | C20: 54 | D20: 45674 | E20: =D20+6*7 -> 45716 | F20: =E20-D20 -> 42
A21: 20 | B21: A3 | C21: 54 | D21: 45674 | E21: =D21+6*7 -> 45716 | F21: =E21-D21 -> 42
... A992: 991 | B992: H7 | C992: 21 | D992: 45880 | E992: =D992+6*7 -> 45922 | F992: =E992-D992 -> 42
A993: 992 | B993: V1 | C993: 53 | D993: 45917 | E993: =D993+6*7 -> 45959 | F993: =E993-D993 -> 42 | G993: =E993-#REF! -> #REF!
A994: 993 | B994: N3 | C994: 358 | D994: 45905 | E994: =D994+6*7 -> 45947 | F994: =E994-D994 -> 42
A995: 994 | B995: A9 | C995: 24 | D995: 45890 | E995: =D995+6*7 -> 45932 | F995: =E995-D995 -> 42
A996: 995 | B996: N4 | C996: 45 | D996: 45867 | E996: =D996+6*7 -> 45909 | F996: =E996-D996 -> 42
A997: 996 | B997: F1 | C997: 499 | D997: 45894 | E997: =D997+6*7 -> 45936 | F997: =E997-D997 -> 42
A998: 997 | B998: F1 | C998: 499 | D998: 45895 | E998: =D998+6*7 -> 45937 | F998: =E998-D998 -> 42
A999: 998 | B999: F1 | C999: 499 | D999: 45897 | E999: =D999+6*7 -> 45939 | F999: =E999-D999 -> 42
A1000: 999 | B1000: F2 | C1000: 490 | D1000: 45895 | E1000: =D1000+6*7 -> 45937 | F1000: =E1000-D1000 -> 42
A1001: 1000 | B1001: V1 | C1001: 500 | D1001: 45909 | E1001: =D1001+6*7 -> 45951 | F1001: =E1001-D1001 -> 42
A1002: 1001 | B1002: N1 | C1002: 238 | D1002: 45880 | E1002: =D1002+6*7 -> 45922 | F1002: =E1002-D1002 -> 42
A1003: 1002 | B1003: E1 | C1003: 18 | D1003: 45904 | E1003: =D1003+6*7 -> 45946 | F1003: =E1003-D1003 -> 42

Sheet Family
A1: Product Long | B1: Product | C1: Family
A2: 25903-AMELIANIER F,93,F,600:1016,1,1,NW,R,C | B2: A1 | C2: A
A3: 25907-AMELIANIER F,93,F,750:1022,1,1,NW,R,C | B3: A2 | C3: A
A4: 23603-AMELIANIER F LD,93,F,750:1022,1,1,NW,R,C | B4: A3 | C4: A
A5: 22103-AMELIANIER F,93,F,750:1295,1,1,NW,R,C | B5: A4 | C5: A
A6: 22111-AMELIANIER F,93,F,1000:720,1,6,WR,B,S | B6: A5 | C6: A
A7: 25910-AMELIANIER F,93,F,750:1300,1,1,WR,R,C | B7: A6 | C7: A
A8: 25904-AMELIANIER F,93,F,750:1016,1,1,WR,R,C | B8: A7 | C8: A
A9: 25902-AMELIANIER F,93,F,600:1016,1,1,NW,R,C | B9: A8 | C9: A
A10: 27103-AMELIANIER F WS,93,F,750:1300,1,1,NW,R,S | B10: A9 | C10: A
A11: 22112-AMELIANIER F,93,F,750:1143,1,1,WR,R,C | B11: A10 | C11: A
A12: 27105-AMELIANIER F,93,F,750:700,1,6,NW,B,S | B12: A11 | C12: A
... A52: 23108-VISCONIER F FA,93,F,750:775,1,6,WR,B,S | B52: V2 | C52: V

Sheet Production Plan
A1: Family | B1: Average per Day
A2: A | B2: 407.17275
A3: P | B3: 409.15
A4: H | B4: 402.0172
A5: F | B5: 394.9792
A6: C | B6: 411.1068
A7: E | B7: 333.66412
A8: N | B8: 334.18
A9: M | B9: 334.18
A10: V | B10: 334.18

Sheet Rotation
A1: From/To | B1: A | C1: P | D1: H | E1: F | F1: C | G1: E | H1: N | I1: M | J1: V
A2: A | B2: 1 | C2: 1 | D2: 1 | E2: 0 | F2: 0 | G2: 0 | H2: 0 | I2: 0 | J2: 0
A3: P | B3: 1 | C3: 1 | D3: 0 | E3: 0 | F3: 0 | G3: 0 | H3: 0 | I3: 0 | J3: 0
A4: H | B4: 0 | C4: 0 | D4: 1 | E4: 1 | F4: 0 | G4: 0 | H4: 0 | I4: 0 | J4: 0
A5: F | B5: 1 | C5: 0 | D5: 0 | E5: 1 | F5: 1 | G5: 1 | H5: 1 | I5: 1 | J5: 1
A6: C | B6: 1 | C6: 0 | D6: 0 | E6: 0 | F6: 1 | G6: 0 | H6: 0 | I6: 0 | J6: 0
A7: E | B7: 1 | C7: 0 | D7: 0 | E7: 0 | F7: 0 | G7: 1 | H7: 0 | I7: 0 | J7: 0
A8: N | B8: 1 | C8: 0 | D8: 0 | E8: 0 | F8: 0 | G8: 0 | H8: 1 | I8: 0 | J8: 0
A9: M | B9: 1 | C9: 0 | D9: 0 | E9: 0 | F9: 0 | G9: 0 | H9: 0 | I9: 1 | J9: 0
A10: V | B10: 1 | C10: 0 | D10: 0 | E10: 0 | F10: 0 | G10: 0 | H10: 0 | I10: 0 | J10: 1

Sheet Collecte
A1: Order ID | B1: Product | C1: Famille | D1: Quantity | E1: Average | F1: Release Date | G1: Due Date | H1: Days Limit | I1: Processing time/ day | J1: Processing time/ hour | K1: Rotation
K2: A | L2: P | M2: H | N2: F | O2: C | P2: E | Q2: N | R2: M | S2: V
A3: 1 | B3: N1 | C3: =VLOOKUP(B3,Family!B:C,2,FALSE) -> N | D3: 19 | E3: =ROUND(VLOOKUP(C3,'Production Plan'!A:B,2,FALSE),2) -> 334.18 | F3: 45666 | G3: =F3+6*7 -> 45708 | H3: =G3-F3 -> 42 | I3: =ROUND(D3/E3,3) -> 0.057 | J3: =I3*24 -> 1.368 | K3: =VLOOKUP($C3,Rotation!$A$2:$J$10,2,FALSE) -> 1 | L3: =VLOOKUP($C3,Rotation!$A$2:$J$10,3,FALSE) -> 0 | M3: =VLOOKUP($C3,Rotation!$A$2:$J$10,4,FALSE) -> 0 | N3: =VLOOKUP($C3,Rotation!$A$2:$J$10,5,FALSE) -> 0 | O3: =VLOOKUP($C3,Rotation!$A$2:$J$10,6,FALSE) -> 0 | P3: =VLOOKUP($C3,Rotation!$A$2:$J$10,7,FALSE) -> 0 | Q3: =VLOOKUP($C3,Rotation!$A$2:$J$10,8,FALSE) -> 1 | R3: =VLOOKUP($C3,Rotation!$A$2:$J$10,9,FALSE) -> 0 | S3: =VLOOKUP($C3,Rotation!$A$2:$J$10,10,FALSE) -> 0
A4: 2 | B4: N1 | C4: =VLOOKUP(B4,Family!B:C,2,FALSE) -> N | D4: 19 | E4: =ROUND(VLOOKUP(C4,'Production Plan'!A:B,2,FALSE),2) -> 334.18 | F4: 45666 | G4: =F4+6*7 -> 45708 | H4: =G4-F4 -> 42 | I4: =ROUND(D4/E4,3) -> 0.057 | J4: =I4*24 -> 1.368 | K4: =VLOOKUP($C4,Rotation!$A$2:$J$10,2,FALSE) -> 1 | L4: =VLOOKUP($C4,Rotation!$A$2:$J$10,3,FALSE) -> 0 | M4: =VLOOKUP($C4,Rotation!$A$2:$J$10,4,FALSE) -> 0 | N4: =VLOOKUP($C4,Rotation!$A$2:$J$10,5,FALSE) -> 0 | O4: =VLOOKUP($C4,Rotation!$A$2:$J$10,6,FALSE) -> 0 | P4: =VLOOKUP($C4,Rotation!$A$2:$J$10,7,FALSE) -> 0 | Q4: =VLOOKUP($C4,Rotation!$A$2:$J$10,8,FALSE) -> 1 | R4: =VLOOKUP($C4,Rotation!$A$2:$J$10,9,FALSE) -> 0 | S4: =VLOOKUP($C4,Rotation!$A$2:$J$10,10,FALSE) -> 0
A5: 3 | B5: N1 | C5: =VLOOKUP(B5,Family!B:C,2,FALSE) -> N | D5: 19 | E5: =ROUND(VLOOKUP(C5,'Production Plan'!A:B,2,FALSE),2) -> 334.18 | F5: 45666 | G5: =F5+6*7 -> 45708 | H5: =G5-F5 -> 42 | I5: =ROUND(D5/E5,3) -> 0.057 | J5: =I5*24 -> 1.368 | K5: =VLOOKUP($C5,Rotation!$A$2:$J$10,2,FALSE) -> 1 | L5: =VLOOKUP($C5,Rotation!$A$2:$J$10,3,FALSE) -> 0 | M5: =VLOOKUP($C5,Rotation!$A$2:$J$10,4,FALSE) -> 0 | N5: =VLOOKUP($C5,Rotation!$A$2:$J$10,5,FALSE) -> 0 | O5: =VLOOKUP($C5,Rotation!$A$2:$J$10,6,FALSE) -> 0 | P5: =VLOOKUP($C5,Rotation!$A$2:$J$10,7,FALSE) -> 0 | Q5: =VLOOKUP($C5,Rotation!$A$2:$J$10,8,FALSE) -> 1 | R5: =VLOOKUP($C5,Rotation!$A$2:$J$10,9,FALSE) -> 0 | S5: =VLOOKUP($C5,Rotation!$A$2:$J$10,10,FALSE) -> 0
A6: 4 | B6: N1 | C6: =VLOOKUP(B6,Family!B:C,2,FALSE) -> N | D6: 19 | E6: =ROUND(VLOOKUP(C6,'Production Plan'!A:B,2,FALSE),2) -> 334.18 | F6: 45666 | G6: =F6+6*7 -> 45708 | H6: =G6-F6 -> 42 | I6: =ROUND(D6/E6,3) -> 0.057 | J6: =I6*24 -> 1.368 | K6: =VLOOKUP($C6,Rotation!$A$2:$J$10,2,FALSE) -> 1 | L6: =VLOOKUP($C6,Rotation!$A$2:$J$10,3,FALSE) -> 0 | M6: =VLOOKUP($C6,Rotation!$A$2:$J$10,4,FALSE) -> 0 | N6: =VLOOKUP($C6,Rotation!$A$2:$J$10,5,FALSE) -> 0 | O6: =VLOOKUP($C6,Rotation!$A$2:$J$10,6,FALSE) -> 0 | P6: =VLOOKUP($C6,Rotation!$A$2:$J$10,7,FALSE) -> 0 | Q6: =VLOOKUP($C6,Rotation!$A$2:$J$10,8,FALSE) -> 1 | R6: =VLOOKUP($C6,Rotation!$A$2:$J$10,9,FALSE) -> 0 | S6: =VLOOKUP($C6,Rotation!$A$2:$J$10,10,FALSE) -> 0
A7: 5 | B7: N1 | C7: =VLOOKUP(B7,Family!B:C,2,FALSE) -> N | D7: 19 | E7: =ROUND(VLOOKUP(C7,'Production Plan'!A:B,2,FALSE),2) -> 334.18 | F7: 45666 | G7: =F7+6*7 -> 45708 | H7: =G7-F7 -> 42 | I7: =ROUND(D7/E7,3) -> 0.057 | J7: =I7*24 -> 1.368 | K7: =VLOOKUP($C7,Rotation!$A$2:$J$10,2,FALSE) -> 1 | L7: =VLOOKUP($C7,Rotation!$A$2:$J$10,3,FALSE) -> 0 | M7: =VLOOKUP($C7,Rotation!$A$2:$J$10,4,FALSE) -> 0 | N7: =VLOOKUP($C7,Rotation!$A$2:$J$10,5,FALSE) -> 0 | O7: =VLOOKUP($C7,Rotation!$A$2:$J$10,6,FALSE) -> 0 | P7: =VLOOKUP($C7,Rotation!$A$2:$J$10,7,FALSE) -> 0 | Q7: =VLOOKUP($C7,Rotation!$A$2:$J$10,8,FALSE) -> 1 | R7: =VLOOKUP($C7,Rotation!$A$2:$J$10,9,FALSE) -> 0 | S7: =VLOOKUP($C7,Rotation!$A$2:$J$10,10,FALSE) -> 0
A8: 6 | B8: N1 | C8: =VLOOKUP(B8,Family!B:C,2,FALSE) -> N | D8: 19 | E8: =ROUND(VLOOKUP(C8,'Production Plan'!A:B,2,FALSE),2) -> 334.18 | F8: 45666 | G8: =F8+6*7 -> 45708 | H8: =G8-F8 -> 42 | I8: =ROUND(D8/E8,3) -> 0.057 | J8: =I8*24 -> 1.368 | K8: =VLOOKUP($C8,Rotation!$A$2:$J$10,2,FALSE) -> 1 | L8: =VLOOKUP($C8,Rotation!$A$2:$J$10,3,FALSE) -> 0 | M8: =VLOOKUP($C8,Rotation!$A$2:$J$10,4,FALSE) -> 0 | N8: =VLOOKUP($C8,Rotation!$A$2:$J$10,5,FALSE) -> 0 | O8: =VLOOKUP($C8,Rotation!$A$2:$J$10,6,FALSE) -> 0 | P8: =VLOOKUP($C8,Rotation!$A$2:$J$10,7,FALSE) -> 0 | Q8: =VLOOKUP($C8,Rotation!$A$2:$J$10,8,FALSE) -> 1 | R8: =VLOOKUP($C8,Rotation!$A$2:$J$10,9,FALSE) -> 0 | S8: =VLOOKUP($C8,Rotation!$A$2:$J$10,10,FALSE) -> 0
A9: 7 | B9: E1 | C9: =VLOOKUP(B9,Family!B:C,2,FALSE) -> E | D9: 18 | E9: =ROUND(VLOOKUP(C9,'Production Plan'!A:B,2,FALSE),2) -> 333.66 | F9: 45671 | G9: =F9+6*7 -> 45713 | H9: =G9-F9 -> 42 | I9: =ROUND(D9/E9,3) -> 0.054 | J9: =I9*24 -> 1.296 | K9: =VLOOKUP($C9,Rotation!$A$2:$J$10,2,FALSE) -> 1 | L9: =VLOOKUP($C9,Rotation!$A$2:$J$10,3,FALSE) -> 0 | M9: =VLOOKUP($C9,Rotation!$A$2:$J$10,4,FALSE) -> 0 | N9: =VLOOKUP($C9,Rotation!$A$2:$J$10,5,FALSE) -> 0 | O9: =VLOOKUP($C9,Rotation!$A$2:$J$10,6,FALSE) -> 0 | P9: =VLOOKUP($C9,Rotation!$A$2:$J$10,7,FALSE) -> 1 | Q9: =VLOOKUP($C9,Rotation!$A$2:$J$10,8,FALSE) -> 0 | R9: =VLOOKUP($C9,Rotation!$A$2:$J$10,9,FALSE) -> 0 | S9: =VLOOKUP($C9,Rotation!$A$2:$J$10,10,FALSE) -> 0
A10: 8 | B10: E1 | C10: =VLOOKUP(B10,Family!B:C,2,FALSE) -> E | D10: 18 | E10: =ROUND(VLOOKUP(C10,'Production Plan'!A:B,2,FALSE),2) -> 333.66 | F10: 45671 | G10: =F10+6*7 -> 45713 | H10: =G10-F10 -> 42 | I10: =ROUND(D10/E10,3) -> 0.054 | J10: =I10*24 -> 1.296 | K10: =VLOOKUP($C10,Rotation!$A$2:$J$10,2,FALSE) -> 1 | L10: =VLOOKUP($C10,Rotation!$A$2:$J$10,3,FALSE) -> 0 | M10: =VLOOKUP($C10,Rotation!$A$2:$J$10,4,FALSE) -> 0 | N10: =VLOOKUP($C10,Rotation!$A$2:$J$10,5,FALSE) -> 0 | O10: =VLOOKUP($C10,Rotation!$A$2:$J$10,6,FALSE) -> 0 | P10: =VLOOKUP($C10,Rotation!$A$2:$J$10,7,FALSE) -> 1 | Q10: =VLOOKUP($C10,Rotation!$A$2:$J$10,8,FALSE) -> 0 | R10: =VLOOKUP($C10,Rotation!$A$2:$J$10,9,FALSE) -> 0 | S10: =VLOOKUP($C10,Rotation!$A$2:$J$10,10,FALSE) -> 0
A11: 9 | B11: E1 | C11: =VLOOKUP(B11,Family!B:C,2,FALSE) -> E | D11: 18 | E11: =ROUND(VLOOKUP(C11,'Production Plan'!A:B,2,FALSE),2) -> 333.66 | F11: 45671 | G11: =F11+6*7 -> 45713 | H11: =G11-F11 -> 42 | I11: =ROUND(D11/E11,3) -> 0.054 | J11: =I11*24 -> 1.296 | K11: =VLOOKUP($C11,Rotation!$A$2:$J$10,2,FALSE) -> 1 | L11: =VLOOKUP($C11,Rotation!$A$2:$J$10,3,FALSE) -> 0 | M11: =VLOOKUP($C11,Rotation!$A$2:$J$10,4,FALSE) -> 0 | N11: =VLOOKUP($C11,Rotation!$A$2:$J$10,5,FALSE) -> 0 | O11: =VLOOKUP($C11,Rotation!$A$2:$J$10,6,FALSE) -> 0 | P11: =VLOOKUP($C11,Rotation!$A$2:$J$10,7,FALSE) -> 1 | Q11: =VLOOKUP($C11,Rotation!$A$2:$J$10,8,FALSE) -> 0 | R11: =VLOOKUP($C11,Rotation!$A$2:$J$10,9,FALSE) -> 0 | S11: =VLOOKUP($C11,Rotation!$A$2:$J$10,10,FALSE) -> 0
A12: 10 | B12: E2 | C12: =VLOOKUP(B12,Family!B:C,2,FALSE) -> E | D12: 19 | E12: =ROUND(VLOOKUP(C12,'Production Plan'!A:B,2,FALSE),2) -> 333.66 | F12: 45669 | G12: =F12+6*7 -> 45711 | H12: =G12-F12 -> 42 | I12: =ROUND(D12/E12,3) -> 0.057 | J12: =I12*24 -> 1.368 | K12: =VLOOKUP($C12,Rotation!$A$2:$J$10,2,FALSE) -> 1 | L12: =VLOOKUP($C12,Rotation!$A$2:$J$10,3,FALSE) -> 0 | M12: =VLOOKUP($C12,Rotation!$A$2:$J$10,4,FALSE) -> 0 | N12: =VLOOKUP($C12,Rotation!$A$2:$J$10,5,FALSE) -> 0 | O12: =VLOOKUP($C12,Rotation!$A$2:$J$10,6,FALSE) -> 0 | P12: =VLOOKUP($C12,Rotation!$A$2:$J$10,7,FALSE) -> 1 | Q12: =VLOOKUP($C12,Rotation!$A$2:$J$10,8,FALSE) -> 0 | R12: =VLOOKUP($C12,Rotation!$A$2:$J$10,9,FALSE) -> 0 | S12: =VLOOKUP($C12,Rotation!$A$2:$J$10,10,FALSE) -> 0
A13: 11 | B13: E2 | C13: =VLOOKUP(B13,Family!B:C,2,FALSE) -> E | D13: 19 | E13: =ROUND(VLOOKUP(C13,'Production Plan'!A:B,2,FALSE),2) -> 333.66 | F13: 45669 | G13: =F13+6*7 -> 45711 | H13: =G13-F13 -> 42 | I13: =ROUND(D13/E13,3) -> 0.057 | J13: =I13*24 -> 1.368 | K13: =VLOOKUP($C13,Rotation!$A$2:$J$10,2,FALSE) -> 1 | L13: =VLOOKUP($C13,Rotation!$A$2:$J$10,3,FALSE) -> 0 | M13: =VLOOKUP($C13,Rotation!$A$2:$J$10,4,FALSE) -> 0 | N13: =VLOOKUP($C13,Rotation!$A$2:$J$10,5,FALSE) -> 0 | O13: =VLOOKUP($C13,Rotation!$A$2:$J$10,6,FALSE) -> 0 | P13: =VLOOKUP($C13,Rotation!$A$2:$J$10,7,FALSE) -> 1 | Q13: =VLOOKUP($C13,Rotation!$A$2:$J$10,8,FALSE) -> 0 | R13: =VLOOKUP($C13,Rotation!$A$2:$J$10,9,FALSE) -> 0 | S13: =VLOOKUP($C13,Rotation!$A$2:$J$10,10,FALSE) -> 0
A14: 12 | B14: E2 | C14: =VLOOKUP(B14,Family!B:C,2,FALSE) -> E | D14: 19 | E14: =ROUND(VLOOKUP(C14,'Production Plan'!A:B,2,FALSE),2) -> 333.66 | F14: 45669 | G14: =F14+6*7 -> 45711 | H14: =G14-F14 -> 42 | I14: =ROUND(D14/E14,3) -> 0.057 | J14: =I14*24 -> 1.368 | K14: =VLOOKUP($C14,Rotation!$A$2:$J$10,2,FALSE) -> 1 | L14: =VLOOKUP($C14,Rotation!$A$2:$J$10,3,FALSE) -> 0 | M14: =VLOOKUP($C14,Rotation!$A$2:$J$10,4,FALSE) -> 0 | N14: =VLOOKUP($C14,Rotation!$A$2:$J$10,5,FALSE) -> 0 | O14: =VLOOKUP($C14,Rotation!$A$2:$J$10,6,FALSE) -> 0 | P14: =VLOOKUP($C14,Rotation!$A$2:$J$10,7,FALSE) -> 1 | Q14: =VLOOKUP($C14,Rotation!$A$2:$J$10,8,FALSE) -> 0 | R14: =VLOOKUP($C14,Rotation!$A$2:$J$10,9,FALSE) -> 0 | S14: =VLOOKUP($C14,Rotation!$A$2:$J$10,10,FALSE) -> 0
... A1004: 1002 | B1004: E1 | C1004: =VLOOKUP(B1004,Family!B:C,2,FALSE) -> E | D1004: 18 | E1004: =ROUND(VLOOKUP(C1004,'Production Plan'!A:B,2,FALSE),2) -> 333.66 | F1004: 45904 | G1004: =F1004+6*7 -> 45946 | H1004: =G1004-F1004 -> 42 | I1004: =ROUND(D1004/E1004,3) -> 0.054 | J1004: =I1004*24 -> 1.296 | K1004: =VLOOKUP($C1004,Rotation!$A$2:$J$10,2,FALSE) -> 1 | L1004: =VLOOKUP($C1004,Rotation!$A$2:$J$10,3,FALSE) -> 0 | M1004: =VLOOKUP($C1004,Rotation!$A$2:$J$10,4,FALSE) -> 0 | N1004: =VLOOKUP($C1004,Rotation!$A$2:$J$10,5,FALSE) -> 0 | O1004: =VLOOKUP($C1004,Rotation!$A$2:$J$10,6,FALSE) -> 0 | P1004: =VLOOKUP($C1004,Rotation!$A$2:$J$10,7,FALSE) -> 1 | Q1004: =VLOOKUP($C1004,Rotation!$A$2:$J$10,8,FALSE) -> 0 | R1004: =VLOOKUP($C1004,Rotation!$A$2:$J$10,9,FALSE) -> 0 | S1004: =VLOOKUP($C1004,Rotation!$A$2:$J$10,10,FALSE) -> 0
I1005: Total Processing time / day | J1005: Tota Processing time / hour
I1006: =SUM(I1003:I1004) -> 0.766 | J1006: =SUM(J1003:J1004) -> 18.384
